{"cameraMode":{"drawMode":0,"name":"Shaded","section":"Shading Mode"},"sceneLighting":true,"audioPlay":false,"sceneViewState":{"showFog":true,"showMaterialUpdate":false,"showSkybox":true,"showFlares":true,"showImageEffects":true,"showParticleSystems":true},"in2DMode":false,"pivot":{"x":-2.885486602783203,"y":-14.706205368041993,"z":16.799213409423829},"rotation":{"x":-0.18861061334609986,"y":0.3673516809940338,"z":-0.07633579522371292,"w":-0.9075842499732971},"size":44.709983825683597,"orthographic":false}