{"cameraMode":{"drawMode":0,"name":"Shaded","section":"Shading Mode"},"sceneLighting":false,"audioPlay":false,"sceneViewState":{"showFog":true,"showMaterialUpdate":false,"showSkybox":false,"showFlares":true,"showImageEffects":true,"showParticleSystems":true},"in2DMode":false,"pivot":{"x":2.7723262310028078,"y":2.3466320037841799,"z":5.101866722106934},"rotation":{"x":0.16127856075763703,"y":0.6950754523277283,"z":-0.16456328332424165,"w":0.6810464262962341},"size":5.485942840576172,"orthographic":false}